{"cameraMode":{"drawMode":0,"name":"Shaded","section":"Shading Mode"},"sceneLighting":true,"audioPlay":false,"sceneViewState":{"showFog":true,"showMaterialUpdate":false,"showSkybox":true,"showFlares":true,"showImageEffects":true,"showParticleSystems":true},"in2DMode":false,"pivot":{"x":-0.46636685729026797,"y":2.6708881855010988,"z":8.194585800170899},"rotation":{"x":-0.13405954837799073,"y":0.14363989233970643,"z":-0.01965000480413437,"w":-0.9803109765052795},"size":0.38535982370376589,"orthographic":false}